72.2,-7.6,-0.2
72.2,-7.55,-0.2
72.2,-7.5,-0.2
72.2,-7.45,-0.2
72.2,-7.4,-0.2
72.2,-7.35,-0.2
72.2,-7.3,-0.2
72.2,-7.25,-0.2
72.2,-7.2,-0.2
72.2,-7.15,-0.2
72.2,-7.1,-0.2
72.2,-7.05,-0.2
72.2,-7,-0.2
72.25,-7.6,-0.2
72.25,-7.55,-0.2
72.25,-7.5,-0.2
72.25,-7.45,-0.2
72.25,-7.4,-0.2
72.25,-7.35,-0.2
72.25,-7.3,-0.2
72.25,-7.25,-0.2
72.25,-7.2,-0.2
72.25,-7.15,-0.2
72.25,-7.1,-0.2
72.25,-7.05,-0.2
72.25,-7,-0.2
72.3,-7.6,-0.2
72.3,-7.55,-0.2
72.3,-7.5,-0.2
72.3,-7.45,-0.2
72.3,-7.4,-0.2
72.3,-7.35,-0.2
72.3,-7.3,-0.2
72.3,-7.25,-0.2
72.3,-7.2,-0.2
72.3,-7.15,-0.2
72.3,-7.1,-0.2
72.3,-7.05,-0.2
72.3,-7,-0.2
72.35,-7.6,-0.2
72.35,-7.55,-0.2
72.35,-7.5,-0.2
72.35,-7.45,-0.2
72.35,-7.4,-0.2
72.35,-7.35,-0.2
72.35,-7.3,-0.2
72.35,-7.25,-0.2
72.35,-7.2,-0.2
72.35,-7.15,-0.2
72.35,-7.1,-0.2
72.35,-7.05,-0.2
72.35,-7,-0.2
72.4,-7.6,-0.2
72.4,-7.55,-0.2
72.4,-7.5,-0.2
72.4,-7.45,-0.2
72.4,-7.4,-0.2
72.4,-7.35,-0.2
72.4,-7.3,-0.2
72.4,-7.25,-0.2
72.4,-7.2,-0.2
72.4,-7.15,-0.2
72.4,-7.1,-0.2
72.4,-7.05,-0.2
72.4,-7,-0.2
72.45,-7.6,-0.2
72.45,-7.55,-0.2
72.45,-7.5,-0.2
72.45,-7.45,-0.2
72.45,-7.4,-0.2
72.45,-7.35,-0.2
72.45,-7.3,-0.2
72.45,-7.25,-0.2
72.45,-7.2,-0.2
72.45,-7.15,-0.2
72.45,-7.1,-0.2
72.45,-7.05,-0.2
72.45,-7,-0.2
72.5,-7.6,-0.2
72.5,-7.55,-0.2
72.5,-7.5,-0.2
72.5,-7.45,-0.2
72.5,-7.4,-0.2
72.5,-7.35,-0.2
72.5,-7.3,-0.2
72.5,-7.25,-0.2
72.5,-7.2,-0.2
72.5,-7.15,-0.2
72.5,-7.1,-0.2
72.5,-7.05,-0.2
72.5,-7,-0.2
72.55,-7.6,-0.2
72.55,-7.55,-0.2
72.55,-7.5,-0.2
72.55,-7.45,-0.2
72.55,-7.4,-0.2
72.55,-7.35,-0.2
72.55,-7.3,-0.2
72.55,-7.25,-0.2
72.55,-7.2,-0.2
72.55,-7.15,-0.2
72.55,-7.1,-0.2
72.55,-7.05,-0.2
72.55,-7,-0.2
72.6,-7.6,-0.2
72.6,-7.55,-0.2
72.6,-7.5,-0.2
72.6,-7.45,-0.2
72.6,-7.4,-0.2
72.6,-7.35,-0.2
72.6,-7.3,-0.2
72.6,-7.25,-0.2
72.6,-7.2,-0.2
72.6,-7.15,-0.2
72.6,-7.1,-0.2
72.6,-7.05,-0.2
72.6,-7,-0.2
71.4,-5.6,-0.2
71.4,-5.55,-0.2
71.4,-5.5,-0.2
71.4,-5.45,-0.2
71.4,-5.4,-0.2
71.4,-5.35,-0.2
71.4,-5.3,-0.2
71.4,-5.25,-0.2
71.4,-5.2,-0.2
71.4,-5.15,-0.2
71.4,-5.1,-0.2
71.4,-5.05,-0.2
71.4,-5,-0.2
71.45,-5.6,-0.2
71.45,-5.55,-0.2
71.45,-5.5,-0.2
71.45,-5.45,-0.2
71.45,-5.4,-0.2
71.45,-5.35,-0.2
71.45,-5.3,-0.2
71.45,-5.25,-0.2
71.45,-5.2,-0.2
71.45,-5.15,-0.2
71.45,-5.1,-0.2
71.45,-5.05,-0.2
71.45,-5,-0.2
71.5,-5.6,-0.2
71.5,-5.55,-0.2
71.5,-5.5,-0.2
71.5,-5.45,-0.2
71.5,-5.4,-0.2
71.5,-5.35,-0.2
71.5,-5.3,-0.2
71.5,-5.25,-0.2
71.5,-5.2,-0.2
71.5,-5.15,-0.2
71.5,-5.1,-0.2
71.5,-5.05,-0.2
71.5,-5,-0.2
71.55,-5.6,-0.2
71.55,-5.55,-0.2
71.55,-5.5,-0.2
71.55,-5.45,-0.2
71.55,-5.4,-0.2
71.55,-5.35,-0.2
71.55,-5.3,-0.2
71.55,-5.25,-0.2
71.55,-5.2,-0.2
71.55,-5.15,-0.2
71.55,-5.1,-0.2
71.55,-5.05,-0.2
71.55,-5,-0.2
71.6,-5.6,-0.2
71.6,-5.55,-0.2
71.6,-5.5,-0.2
71.6,-5.45,-0.2
71.6,-5.4,-0.2
71.6,-5.35,-0.2
71.6,-5.3,-0.2
71.6,-5.25,-0.2
71.6,-5.2,-0.2
71.6,-5.15,-0.2
71.6,-5.1,-0.2
71.6,-5.05,-0.2
71.6,-5,-0.2
71.65,-5.6,-0.2
71.65,-5.55,-0.2
71.65,-5.5,-0.2
71.65,-5.45,-0.2
71.65,-5.4,-0.2
71.65,-5.35,-0.2
71.65,-5.3,-0.2
71.65,-5.25,-0.2
71.65,-5.2,-0.2
71.65,-5.15,-0.2
71.65,-5.1,-0.2
71.65,-5.05,-0.2
71.65,-5,-0.2
71.7,-5.6,-0.2
71.7,-5.55,-0.2
71.7,-5.5,-0.2
71.7,-5.45,-0.2
71.7,-5.4,-0.2
71.7,-5.35,-0.2
71.7,-5.3,-0.2
71.7,-5.25,-0.2
71.7,-5.2,-0.2
71.7,-5.15,-0.2
71.7,-5.1,-0.2
71.7,-5.05,-0.2
71.7,-5,-0.2
71.75,-5.6,-0.2
71.75,-5.55,-0.2
71.75,-5.5,-0.2
71.75,-5.45,-0.2
71.75,-5.4,-0.2
71.75,-5.35,-0.2
71.75,-5.3,-0.2
71.75,-5.25,-0.2
71.75,-5.2,-0.2
71.75,-5.15,-0.2
71.75,-5.1,-0.2
71.75,-5.05,-0.2
71.75,-5,-0.2
71.8,-5.6,-0.2
71.8,-5.55,-0.2
71.8,-5.5,-0.2
71.8,-5.45,-0.2
71.8,-5.4,-0.2
71.8,-5.35,-0.2
71.8,-5.3,-0.2
71.8,-5.25,-0.2
71.8,-5.2,-0.2
71.8,-5.15,-0.2
71.8,-5.1,-0.2
71.8,-5.05,-0.2
71.8,-5,-0.2
71.85,-5.6,-0.2
71.85,-5.55,-0.2
71.85,-5.5,-0.2
71.85,-5.45,-0.2
71.85,-5.4,-0.2
71.85,-5.35,-0.2
71.85,-5.3,-0.2
71.85,-5.25,-0.2
71.85,-5.2,-0.2
71.85,-5.15,-0.2
71.85,-5.1,-0.2
71.85,-5.05,-0.2
71.85,-5,-0.2
71.9,-5.6,-0.2
71.9,-5.55,-0.2
71.9,-5.5,-0.2
71.9,-5.45,-0.2
71.9,-5.4,-0.2
71.9,-5.35,-0.2
71.9,-5.3,-0.2
71.9,-5.25,-0.2
71.9,-5.2,-0.2
71.9,-5.15,-0.2
71.9,-5.1,-0.2
71.9,-5.05,-0.2
71.9,-5,-0.2
71.95,-5.6,-0.2
71.95,-5.55,-0.2
71.95,-5.5,-0.2
71.95,-5.45,-0.2
71.95,-5.4,-0.2
71.95,-5.35,-0.2
71.95,-5.3,-0.2
71.95,-5.25,-0.2
71.95,-5.2,-0.2
71.95,-5.15,-0.2
71.95,-5.1,-0.2
71.95,-5.05,-0.2
71.95,-5,-0.2
72,-5.6,-0.2
72,-5.55,-0.2
72,-5.5,-0.2
72,-5.45,-0.2
72,-5.4,-0.2
72,-5.35,-0.2
72,-5.3,-0.2
72,-5.25,-0.2
72,-5.2,-0.2
72,-5.15,-0.2
72,-5.1,-0.2
72,-5.05,-0.2
72,-5,-0.2
72.05,-5.6,-0.2
72.05,-5.55,-0.2
72.05,-5.5,-0.2
72.05,-5.45,-0.2
72.05,-5.4,-0.2
72.05,-5.35,-0.2
72.05,-5.3,-0.2
72.05,-5.25,-0.2
72.05,-5.2,-0.2
72.05,-5.15,-0.2
72.05,-5.1,-0.2
72.05,-5.05,-0.2
72.05,-5,-0.2
72.1,-5.6,-0.2
72.1,-5.55,-0.2
72.1,-5.5,-0.2
72.1,-5.45,-0.2
72.1,-5.4,-0.2
72.1,-5.35,-0.2
72.1,-5.3,-0.2
72.1,-5.25,-0.2
72.1,-5.2,-0.2
72.1,-5.15,-0.2
72.1,-5.1,-0.2
72.1,-5.05,-0.2
72.1,-5,-0.2
72.15,-5.6,-0.2
72.15,-5.55,-0.2
72.15,-5.5,-0.2
72.15,-5.45,-0.2
72.15,-5.4,-0.2
72.15,-5.35,-0.2
72.15,-5.3,-0.2
72.15,-5.25,-0.2
72.15,-5.2,-0.2
72.15,-5.15,-0.2
72.15,-5.1,-0.2
72.15,-5.05,-0.2
72.15,-5,-0.2
72.2,-5.6,-0.2
72.2,-5.55,-0.2
72.2,-5.5,-0.2
72.2,-5.45,-0.2
72.2,-5.4,-0.2
72.2,-5.35,-0.2
72.2,-5.3,-0.2
72.2,-5.25,-0.2
72.2,-5.2,-0.2
72.2,-5.15,-0.2
72.2,-5.1,-0.2
72.2,-5.05,-0.2
72.2,-5,-0.2
72.25,-5.6,-0.2
72.25,-5.55,-0.2
72.25,-5.5,-0.2
72.25,-5.45,-0.2
72.25,-5.4,-0.2
72.25,-5.35,-0.2
72.25,-5.3,-0.2
72.25,-5.25,-0.2
72.25,-5.2,-0.2
72.25,-5.15,-0.2
72.25,-5.1,-0.2
72.25,-5.05,-0.2
72.25,-5,-0.2
72.3,-5.6,-0.2
72.3,-5.55,-0.2
72.3,-5.5,-0.2
72.3,-5.45,-0.2
72.3,-5.4,-0.2
72.3,-5.35,-0.2
72.3,-5.3,-0.2
72.3,-5.25,-0.2
72.3,-5.2,-0.2
72.3,-5.15,-0.2
72.3,-5.1,-0.2
72.3,-5.05,-0.2
72.3,-5,-0.2
72.35,-5.6,-0.2
72.35,-5.55,-0.2
72.35,-5.5,-0.2
72.35,-5.45,-0.2
72.35,-5.4,-0.2
72.35,-5.35,-0.2
72.35,-5.3,-0.2
72.35,-5.25,-0.2
72.35,-5.2,-0.2
72.35,-5.15,-0.2
72.35,-5.1,-0.2
72.35,-5.05,-0.2
72.35,-5,-0.2
72.4,-5.6,-0.2
72.4,-5.55,-0.2
72.4,-5.5,-0.2
72.4,-5.45,-0.2
72.4,-5.4,-0.2
72.4,-5.35,-0.2
72.4,-5.3,-0.2
72.4,-5.25,-0.2
72.4,-5.2,-0.2
72.4,-5.15,-0.2
72.4,-5.1,-0.2
72.4,-5.05,-0.2
72.4,-5,-0.2
72.45,-5.6,-0.2
72.45,-5.55,-0.2
72.45,-5.5,-0.2
72.45,-5.45,-0.2
72.45,-5.4,-0.2
72.45,-5.35,-0.2
72.45,-5.3,-0.2
72.45,-5.25,-0.2
72.45,-5.2,-0.2
72.45,-5.15,-0.2
72.45,-5.1,-0.2
72.45,-5.05,-0.2
72.45,-5,-0.2
72.5,-5.6,-0.2
72.5,-5.55,-0.2
72.5,-5.5,-0.2
72.5,-5.45,-0.2
72.5,-5.4,-0.2
72.5,-5.35,-0.2
72.5,-5.3,-0.2
72.5,-5.25,-0.2
72.5,-5.2,-0.2
72.5,-5.15,-0.2
72.5,-5.1,-0.2
72.5,-5.05,-0.2
72.5,-5,-0.2
71,-6.9,-0.2
71,-6.85,-0.2
71,-6.8,-0.2
71,-6.75,-0.2
71,-6.7,-0.2
71,-6.65,-0.2
71,-6.6,-0.2
71,-6.55,-0.2
71,-6.5,-0.2
71,-6.45,-0.2
71,-6.4,-0.2
71,-6.35,-0.2
71,-6.3,-0.2
71,-6.25,-0.2
71,-6.2,-0.2
71,-6.15,-0.2
71,-6.1,-0.2
71,-6.05,-0.2
71,-6,-0.2
71.05,-6.9,-0.2
71.05,-6.85,-0.2
71.05,-6.8,-0.2
71.05,-6.75,-0.2
71.05,-6.7,-0.2
71.05,-6.65,-0.2
71.05,-6.6,-0.2
71.05,-6.55,-0.2
71.05,-6.5,-0.2
71.05,-6.45,-0.2
71.05,-6.4,-0.2
71.05,-6.35,-0.2
71.05,-6.3,-0.2
71.05,-6.25,-0.2
71.05,-6.2,-0.2
71.05,-6.15,-0.2
71.05,-6.1,-0.2
71.05,-6.05,-0.2
71.05,-6,-0.2
71.1,-6.9,-0.2
71.1,-6.85,-0.2
71.1,-6.8,-0.2
71.1,-6.75,-0.2
71.1,-6.7,-0.2
71.1,-6.65,-0.2
71.1,-6.6,-0.2
71.1,-6.55,-0.2
71.1,-6.5,-0.2
71.1,-6.45,-0.2
71.1,-6.4,-0.2
71.1,-6.35,-0.2
71.1,-6.3,-0.2
71.1,-6.25,-0.2
71.1,-6.2,-0.2
71.1,-6.15,-0.2
71.1,-6.1,-0.2
71.1,-6.05,-0.2
71.1,-6,-0.2
71.15,-6.9,-0.2
71.15,-6.85,-0.2
71.15,-6.8,-0.2
71.15,-6.75,-0.2
71.15,-6.7,-0.2
71.15,-6.65,-0.2
71.15,-6.6,-0.2
71.15,-6.55,-0.2
71.15,-6.5,-0.2
71.15,-6.45,-0.2
71.15,-6.4,-0.2
71.15,-6.35,-0.2
71.15,-6.3,-0.2
71.15,-6.25,-0.2
71.15,-6.2,-0.2
71.15,-6.15,-0.2
71.15,-6.1,-0.2
71.15,-6.05,-0.2
71.15,-6,-0.2
71.2,-6.9,-0.2
71.2,-6.85,-0.2
71.2,-6.8,-0.2
71.2,-6.75,-0.2
71.2,-6.7,-0.2
71.2,-6.65,-0.2
71.2,-6.6,-0.2
71.2,-6.55,-0.2
71.2,-6.5,-0.2
71.2,-6.45,-0.2
71.2,-6.4,-0.2
71.2,-6.35,-0.2
71.2,-6.3,-0.2
71.2,-6.25,-0.2
71.2,-6.2,-0.2
71.2,-6.15,-0.2
71.2,-6.1,-0.2
71.2,-6.05,-0.2
71.2,-6,-0.2
71.25,-6.9,-0.2
71.25,-6.85,-0.2
71.25,-6.8,-0.2
71.25,-6.75,-0.2
71.25,-6.7,-0.2
71.25,-6.65,-0.2
71.25,-6.6,-0.2
71.25,-6.55,-0.2
71.25,-6.5,-0.2
71.25,-6.45,-0.2
71.25,-6.4,-0.2
71.25,-6.35,-0.2
71.25,-6.3,-0.2
71.25,-6.25,-0.2
71.25,-6.2,-0.2
71.25,-6.15,-0.2
71.25,-6.1,-0.2
71.25,-6.05,-0.2
71.25,-6,-0.2
71.3,-6.9,-0.2
71.3,-6.85,-0.2
71.3,-6.8,-0.2
71.3,-6.75,-0.2
71.3,-6.7,-0.2
71.3,-6.65,-0.2
71.3,-6.6,-0.2
71.3,-6.55,-0.2
71.3,-6.5,-0.2
71.3,-6.45,-0.2
71.3,-6.4,-0.2
71.3,-6.35,-0.2
71.3,-6.3,-0.2
71.3,-6.25,-0.2
71.3,-6.2,-0.2
71.3,-6.15,-0.2
71.3,-6.1,-0.2
71.3,-6.05,-0.2
71.3,-6,-0.2
71.35,-6.9,-0.2
71.35,-6.85,-0.2
71.35,-6.8,-0.2
71.35,-6.75,-0.2
71.35,-6.7,-0.2
71.35,-6.65,-0.2
71.35,-6.6,-0.2
71.35,-6.55,-0.2
71.35,-6.5,-0.2
71.35,-6.45,-0.2
71.35,-6.4,-0.2
71.35,-6.35,-0.2
71.35,-6.3,-0.2
71.35,-6.25,-0.2
71.35,-6.2,-0.2
71.35,-6.15,-0.2
71.35,-6.1,-0.2
71.35,-6.05,-0.2
71.35,-6,-0.2
71.4,-6.9,-0.2
71.4,-6.85,-0.2
71.4,-6.8,-0.2
71.4,-6.75,-0.2
71.4,-6.7,-0.2
71.4,-6.65,-0.2
71.4,-6.6,-0.2
71.4,-6.55,-0.2
71.4,-6.5,-0.2
71.4,-6.45,-0.2
71.4,-6.4,-0.2
71.4,-6.35,-0.2
71.4,-6.3,-0.2
71.4,-6.25,-0.2
71.4,-6.2,-0.2
71.4,-6.15,-0.2
71.4,-6.1,-0.2
71.4,-6.05,-0.2
71.4,-6,-0.2
71.45,-6.9,-0.2
71.45,-6.85,-0.2
71.45,-6.8,-0.2
71.45,-6.75,-0.2
71.45,-6.7,-0.2
71.45,-6.65,-0.2
71.45,-6.6,-0.2
71.45,-6.55,-0.2
71.45,-6.5,-0.2
71.45,-6.45,-0.2
71.45,-6.4,-0.2
71.45,-6.35,-0.2
71.45,-6.3,-0.2
71.45,-6.25,-0.2
71.45,-6.2,-0.2
71.45,-6.15,-0.2
71.45,-6.1,-0.2
71.45,-6.05,-0.2
71.45,-6,-0.2
71.5,-6.9,-0.2
71.5,-6.85,-0.2
71.5,-6.8,-0.2
71.5,-6.75,-0.2
71.5,-6.7,-0.2
71.5,-6.65,-0.2
71.5,-6.6,-0.2
71.5,-6.55,-0.2
71.5,-6.5,-0.2
71.5,-6.45,-0.2
71.5,-6.4,-0.2
71.5,-6.35,-0.2
71.5,-6.3,-0.2
71.5,-6.25,-0.2
71.5,-6.2,-0.2
71.5,-6.15,-0.2
71.5,-6.1,-0.2
71.5,-6.05,-0.2
71.5,-6,-0.2
71.55,-6.9,-0.2
71.55,-6.85,-0.2
71.55,-6.8,-0.2
71.55,-6.75,-0.2
71.55,-6.7,-0.2
71.55,-6.65,-0.2
71.55,-6.6,-0.2
71.55,-6.55,-0.2
71.55,-6.5,-0.2
71.55,-6.45,-0.2
71.55,-6.4,-0.2
71.55,-6.35,-0.2
71.55,-6.3,-0.2
71.55,-6.25,-0.2
71.55,-6.2,-0.2
71.55,-6.15,-0.2
71.55,-6.1,-0.2
71.55,-6.05,-0.2
71.55,-6,-0.2
71.6,-6.9,-0.2
71.6,-6.85,-0.2
71.6,-6.8,-0.2
71.6,-6.75,-0.2
71.6,-6.7,-0.2
71.6,-6.65,-0.2
71.6,-6.6,-0.2
71.6,-6.55,-0.2
71.6,-6.5,-0.2
71.6,-6.45,-0.2
71.6,-6.4,-0.2
71.6,-6.35,-0.2
71.6,-6.3,-0.2
71.6,-6.25,-0.2
71.6,-6.2,-0.2
71.6,-6.15,-0.2
71.6,-6.1,-0.2
71.6,-6.05,-0.2
71.6,-6,-0.2
55,-5,-0.2
55,-4.95,-0.2
55,-4.9,-0.2
55,-4.85,-0.2
55,-4.8,-0.2
55,-4.75,-0.2
55,-4.7,-0.2
55,-4.65,-0.2
55,-4.6,-0.2
55,-4.55,-0.2
55,-4.5,-0.2
55,-4.45,-0.2
55,-4.4,-0.2
55,-4.35,-0.2
55,-4.3,-0.2
55,-4.25,-0.2
55,-4.2,-0.2
55,-4.15,-0.2
55,-4.1,-0.2
55,-4.05,-0.2
55,-4,-0.2
55.05,-5,-0.2
55.05,-4.95,-0.2
55.05,-4.9,-0.2
55.05,-4.85,-0.2
55.05,-4.8,-0.2
55.05,-4.75,-0.2
55.05,-4.7,-0.2
55.05,-4.65,-0.2
55.05,-4.6,-0.2
55.05,-4.55,-0.2
55.05,-4.5,-0.2
55.05,-4.45,-0.2
55.05,-4.4,-0.2
55.05,-4.35,-0.2
55.05,-4.3,-0.2
55.05,-4.25,-0.2
55.05,-4.2,-0.2
55.05,-4.15,-0.2
55.05,-4.1,-0.2
55.05,-4.05,-0.2
55.05,-4,-0.2
55.1,-5,-0.2
55.1,-4.95,-0.2
55.1,-4.9,-0.2
55.1,-4.85,-0.2
55.1,-4.8,-0.2
55.1,-4.75,-0.2
55.1,-4.7,-0.2
55.1,-4.65,-0.2
55.1,-4.6,-0.2
55.1,-4.55,-0.2
55.1,-4.5,-0.2
55.1,-4.45,-0.2
55.1,-4.4,-0.2
55.1,-4.35,-0.2
55.1,-4.3,-0.2
55.1,-4.25,-0.2
55.1,-4.2,-0.2
55.1,-4.15,-0.2
55.1,-4.1,-0.2
55.1,-4.05,-0.2
55.1,-4,-0.2
55.15,-5,-0.2
55.15,-4.95,-0.2
55.15,-4.9,-0.2
55.15,-4.85,-0.2
55.15,-4.8,-0.2
55.15,-4.75,-0.2
55.15,-4.7,-0.2
55.15,-4.65,-0.2
55.15,-4.6,-0.2
55.15,-4.55,-0.2
55.15,-4.5,-0.2
55.15,-4.45,-0.2
55.15,-4.4,-0.2
55.15,-4.35,-0.2
55.15,-4.3,-0.2
55.15,-4.25,-0.2
55.15,-4.2,-0.2
55.15,-4.15,-0.2
55.15,-4.1,-0.2
55.15,-4.05,-0.2
55.15,-4,-0.2
55.2,-5,-0.2
55.2,-4.95,-0.2
55.2,-4.9,-0.2
55.2,-4.85,-0.2
55.2,-4.8,-0.2
55.2,-4.75,-0.2
55.2,-4.7,-0.2
55.2,-4.65,-0.2
55.2,-4.6,-0.2
55.2,-4.55,-0.2
55.2,-4.5,-0.2
55.2,-4.45,-0.2
55.2,-4.4,-0.2
55.2,-4.35,-0.2
55.2,-4.3,-0.2
55.2,-4.25,-0.2
55.2,-4.2,-0.2
55.2,-4.15,-0.2
55.2,-4.1,-0.2
55.2,-4.05,-0.2
55.2,-4,-0.2
55.25,-5,-0.2
55.25,-4.95,-0.2
55.25,-4.9,-0.2
55.25,-4.85,-0.2
55.25,-4.8,-0.2
55.25,-4.75,-0.2
55.25,-4.7,-0.2
55.25,-4.65,-0.2
55.25,-4.6,-0.2
55.25,-4.55,-0.2
55.25,-4.5,-0.2
55.25,-4.45,-0.2
55.25,-4.4,-0.2
55.25,-4.35,-0.2
55.25,-4.3,-0.2
55.25,-4.25,-0.2
55.25,-4.2,-0.2
55.25,-4.15,-0.2
55.25,-4.1,-0.2
55.25,-4.05,-0.2
55.25,-4,-0.2
55.3,-5,-0.2
55.3,-4.95,-0.2
55.3,-4.9,-0.2
55.3,-4.85,-0.2
55.3,-4.8,-0.2
55.3,-4.75,-0.2
55.3,-4.7,-0.2
55.3,-4.65,-0.2
55.3,-4.6,-0.2
55.3,-4.55,-0.2
55.3,-4.5,-0.2
55.3,-4.45,-0.2
55.3,-4.4,-0.2
55.3,-4.35,-0.2
55.3,-4.3,-0.2
55.3,-4.25,-0.2
55.3,-4.2,-0.2
55.3,-4.15,-0.2
55.3,-4.1,-0.2
55.3,-4.05,-0.2
55.3,-4,-0.2
55.35,-5,-0.2
55.35,-4.95,-0.2
55.35,-4.9,-0.2
55.35,-4.85,-0.2
55.35,-4.8,-0.2
55.35,-4.75,-0.2
55.35,-4.7,-0.2
55.35,-4.65,-0.2
55.35,-4.6,-0.2
55.35,-4.55,-0.2
55.35,-4.5,-0.2
55.35,-4.45,-0.2
55.35,-4.4,-0.2
55.35,-4.35,-0.2
55.35,-4.3,-0.2
55.35,-4.25,-0.2
55.35,-4.2,-0.2
55.35,-4.15,-0.2
55.35,-4.1,-0.2
55.35,-4.05,-0.2
55.35,-4,-0.2
55.4,-5,-0.2
55.4,-4.95,-0.2
55.4,-4.9,-0.2
55.4,-4.85,-0.2
55.4,-4.8,-0.2
55.4,-4.75,-0.2
55.4,-4.7,-0.2
55.4,-4.65,-0.2
55.4,-4.6,-0.2
55.4,-4.55,-0.2
55.4,-4.5,-0.2
55.4,-4.45,-0.2
55.4,-4.4,-0.2
55.4,-4.35,-0.2
55.4,-4.3,-0.2
55.4,-4.25,-0.2
55.4,-4.2,-0.2
55.4,-4.15,-0.2
55.4,-4.1,-0.2
55.4,-4.05,-0.2
55.4,-4,-0.2
55.45,-5,-0.2
55.45,-4.95,-0.2
55.45,-4.9,-0.2
55.45,-4.85,-0.2
55.45,-4.8,-0.2
55.45,-4.75,-0.2
55.45,-4.7,-0.2
55.45,-4.65,-0.2
55.45,-4.6,-0.2
55.45,-4.55,-0.2
55.45,-4.5,-0.2
55.45,-4.45,-0.2
55.45,-4.4,-0.2
55.45,-4.35,-0.2
55.45,-4.3,-0.2
55.45,-4.25,-0.2
55.45,-4.2,-0.2
55.45,-4.15,-0.2
55.45,-4.1,-0.2
55.45,-4.05,-0.2
55.45,-4,-0.2
55.5,-5,-0.2
55.5,-4.95,-0.2
55.5,-4.9,-0.2
55.5,-4.85,-0.2
55.5,-4.8,-0.2
55.5,-4.75,-0.2
55.5,-4.7,-0.2
55.5,-4.65,-0.2
55.5,-4.6,-0.2
55.5,-4.55,-0.2
55.5,-4.5,-0.2
55.5,-4.45,-0.2
55.5,-4.4,-0.2
55.5,-4.35,-0.2
55.5,-4.3,-0.2
55.5,-4.25,-0.2
55.5,-4.2,-0.2
55.5,-4.15,-0.2
55.5,-4.1,-0.2
55.5,-4.05,-0.2
55.5,-4,-0.2
55.55,-5,-0.2
55.55,-4.95,-0.2
55.55,-4.9,-0.2
55.55,-4.85,-0.2
55.55,-4.8,-0.2
55.55,-4.75,-0.2
55.55,-4.7,-0.2
55.55,-4.65,-0.2
55.55,-4.6,-0.2
55.55,-4.55,-0.2
55.55,-4.5,-0.2
55.55,-4.45,-0.2
55.55,-4.4,-0.2
55.55,-4.35,-0.2
55.55,-4.3,-0.2
55.55,-4.25,-0.2
55.55,-4.2,-0.2
55.55,-4.15,-0.2
55.55,-4.1,-0.2
55.55,-4.05,-0.2
55.55,-4,-0.2
55.6,-5,-0.2
55.6,-4.95,-0.2
55.6,-4.9,-0.2
55.6,-4.85,-0.2
55.6,-4.8,-0.2
55.6,-4.75,-0.2
55.6,-4.7,-0.2
55.6,-4.65,-0.2
55.6,-4.6,-0.2
55.6,-4.55,-0.2
55.6,-4.5,-0.2
55.6,-4.45,-0.2
55.6,-4.4,-0.2
55.6,-4.35,-0.2
55.6,-4.3,-0.2
55.6,-4.25,-0.2
55.6,-4.2,-0.2
55.6,-4.15,-0.2
55.6,-4.1,-0.2
55.6,-4.05,-0.2
55.6,-4,-0.2
55.65,-5,-0.2
55.65,-4.95,-0.2
55.65,-4.9,-0.2
55.65,-4.85,-0.2
55.65,-4.8,-0.2
55.65,-4.75,-0.2
55.65,-4.7,-0.2
55.65,-4.65,-0.2
55.65,-4.6,-0.2
55.65,-4.55,-0.2
55.65,-4.5,-0.2
55.65,-4.45,-0.2
55.65,-4.4,-0.2
55.65,-4.35,-0.2
55.65,-4.3,-0.2
55.65,-4.25,-0.2
55.65,-4.2,-0.2
55.65,-4.15,-0.2
55.65,-4.1,-0.2
55.65,-4.05,-0.2
55.65,-4,-0.2
55.7,-5,-0.2
55.7,-4.95,-0.2
55.7,-4.9,-0.2
55.7,-4.85,-0.2
55.7,-4.8,-0.2
55.7,-4.75,-0.2
55.7,-4.7,-0.2
55.7,-4.65,-0.2
55.7,-4.6,-0.2
55.7,-4.55,-0.2
55.7,-4.5,-0.2
55.7,-4.45,-0.2
55.7,-4.4,-0.2
55.7,-4.35,-0.2
55.7,-4.3,-0.2
55.7,-4.25,-0.2
55.7,-4.2,-0.2
55.7,-4.15,-0.2
55.7,-4.1,-0.2
55.7,-4.05,-0.2
55.7,-4,-0.2
55.75,-5,-0.2
55.75,-4.95,-0.2
55.75,-4.9,-0.2
55.75,-4.85,-0.2
55.75,-4.8,-0.2
55.75,-4.75,-0.2
55.75,-4.7,-0.2
55.75,-4.65,-0.2
55.75,-4.6,-0.2
55.75,-4.55,-0.2
55.75,-4.5,-0.2
55.75,-4.45,-0.2
55.75,-4.4,-0.2
55.75,-4.35,-0.2
55.75,-4.3,-0.2
55.75,-4.25,-0.2
55.75,-4.2,-0.2
55.75,-4.15,-0.2
55.75,-4.1,-0.2
55.75,-4.05,-0.2
55.75,-4,-0.2
55.8,-5,-0.2
55.8,-4.95,-0.2
55.8,-4.9,-0.2
55.8,-4.85,-0.2
55.8,-4.8,-0.2
55.8,-4.75,-0.2
55.8,-4.7,-0.2
55.8,-4.65,-0.2
55.8,-4.6,-0.2
55.8,-4.55,-0.2
55.8,-4.5,-0.2
55.8,-4.45,-0.2
55.8,-4.4,-0.2
55.8,-4.35,-0.2
55.8,-4.3,-0.2
55.8,-4.25,-0.2
55.8,-4.2,-0.2
55.8,-4.15,-0.2
55.8,-4.1,-0.2
55.8,-4.05,-0.2
55.8,-4,-0.2
55.85,-5,-0.2
55.85,-4.95,-0.2
55.85,-4.9,-0.2
55.85,-4.85,-0.2
55.85,-4.8,-0.2
55.85,-4.75,-0.2
55.85,-4.7,-0.2
55.85,-4.65,-0.2
55.85,-4.6,-0.2
55.85,-4.55,-0.2
55.85,-4.5,-0.2
55.85,-4.45,-0.2
55.85,-4.4,-0.2
55.85,-4.35,-0.2
55.85,-4.3,-0.2
55.85,-4.25,-0.2
55.85,-4.2,-0.2
55.85,-4.15,-0.2
55.85,-4.1,-0.2
55.85,-4.05,-0.2
55.85,-4,-0.2
55.9,-5,-0.2
55.9,-4.95,-0.2
55.9,-4.9,-0.2
55.9,-4.85,-0.2
55.9,-4.8,-0.2
55.9,-4.75,-0.2
55.9,-4.7,-0.2
55.9,-4.65,-0.2
55.9,-4.6,-0.2
55.9,-4.55,-0.2
55.9,-4.5,-0.2
55.9,-4.45,-0.2
55.9,-4.4,-0.2
55.9,-4.35,-0.2
55.9,-4.3,-0.2
55.9,-4.25,-0.2
55.9,-4.2,-0.2
55.9,-4.15,-0.2
55.9,-4.1,-0.2
55.9,-4.05,-0.2
55.9,-4,-0.2
55.95,-5,-0.2
55.95,-4.95,-0.2
55.95,-4.9,-0.2
55.95,-4.85,-0.2
55.95,-4.8,-0.2
55.95,-4.75,-0.2
55.95,-4.7,-0.2
55.95,-4.65,-0.2
55.95,-4.6,-0.2
55.95,-4.55,-0.2
55.95,-4.5,-0.2
55.95,-4.45,-0.2
55.95,-4.4,-0.2
55.95,-4.35,-0.2
55.95,-4.3,-0.2
55.95,-4.25,-0.2
55.95,-4.2,-0.2
55.95,-4.15,-0.2
55.95,-4.1,-0.2
55.95,-4.05,-0.2
55.95,-4,-0.2
56,-5,-0.2
56,-4.95,-0.2
56,-4.9,-0.2
56,-4.85,-0.2
56,-4.8,-0.2
56,-4.75,-0.2
56,-4.7,-0.2
56,-4.65,-0.2
56,-4.6,-0.2
56,-4.55,-0.2
56,-4.5,-0.2
56,-4.45,-0.2
56,-4.4,-0.2
56,-4.35,-0.2
56,-4.3,-0.2
56,-4.25,-0.2
56,-4.2,-0.2
56,-4.15,-0.2
56,-4.1,-0.2
56,-4.05,-0.2
56,-4,-0.2
56.05,-5,-0.2
56.05,-4.95,-0.2
56.05,-4.9,-0.2
56.05,-4.85,-0.2
56.05,-4.8,-0.2
56.05,-4.75,-0.2
56.05,-4.7,-0.2
56.05,-4.65,-0.2
56.05,-4.6,-0.2
56.05,-4.55,-0.2
56.05,-4.5,-0.2
56.05,-4.45,-0.2
56.05,-4.4,-0.2
56.05,-4.35,-0.2
56.05,-4.3,-0.2
56.05,-4.25,-0.2
56.05,-4.2,-0.2
56.05,-4.15,-0.2
56.05,-4.1,-0.2
56.05,-4.05,-0.2
56.05,-4,-0.2
56.1,-5,-0.2
56.1,-4.95,-0.2
56.1,-4.9,-0.2
56.1,-4.85,-0.2
56.1,-4.8,-0.2
56.1,-4.75,-0.2
56.1,-4.7,-0.2
56.1,-4.65,-0.2
56.1,-4.6,-0.2
56.1,-4.55,-0.2
56.1,-4.5,-0.2
56.1,-4.45,-0.2
56.1,-4.4,-0.2
56.1,-4.35,-0.2
56.1,-4.3,-0.2
56.1,-4.25,-0.2
56.1,-4.2,-0.2
56.1,-4.15,-0.2
56.1,-4.1,-0.2
56.1,-4.05,-0.2
56.1,-4,-0.2
56.15,-5,-0.2
56.15,-4.95,-0.2
56.15,-4.9,-0.2
56.15,-4.85,-0.2
56.15,-4.8,-0.2
56.15,-4.75,-0.2
56.15,-4.7,-0.2
56.15,-4.65,-0.2
56.15,-4.6,-0.2
56.15,-4.55,-0.2
56.15,-4.5,-0.2
56.15,-4.45,-0.2
56.15,-4.4,-0.2
56.15,-4.35,-0.2
56.15,-4.3,-0.2
56.15,-4.25,-0.2
56.15,-4.2,-0.2
56.15,-4.15,-0.2
56.15,-4.1,-0.2
56.15,-4.05,-0.2
56.15,-4,-0.2
56.2,-5,-0.2
56.2,-4.95,-0.2
56.2,-4.9,-0.2
56.2,-4.85,-0.2
56.2,-4.8,-0.2
56.2,-4.75,-0.2
56.2,-4.7,-0.2
56.2,-4.65,-0.2
56.2,-4.6,-0.2
56.2,-4.55,-0.2
56.2,-4.5,-0.2
56.2,-4.45,-0.2
56.2,-4.4,-0.2
56.2,-4.35,-0.2
56.2,-4.3,-0.2
56.2,-4.25,-0.2
56.2,-4.2,-0.2
56.2,-4.15,-0.2
56.2,-4.1,-0.2
56.2,-4.05,-0.2
56.2,-4,-0.2
56.25,-5,-0.2
56.25,-4.95,-0.2
56.25,-4.9,-0.2
56.25,-4.85,-0.2
56.25,-4.8,-0.2
56.25,-4.75,-0.2
56.25,-4.7,-0.2
56.25,-4.65,-0.2
56.25,-4.6,-0.2
56.25,-4.55,-0.2
56.25,-4.5,-0.2
56.25,-4.45,-0.2
56.25,-4.4,-0.2
56.25,-4.35,-0.2
56.25,-4.3,-0.2
56.25,-4.25,-0.2
56.25,-4.2,-0.2
56.25,-4.15,-0.2
56.25,-4.1,-0.2
56.25,-4.05,-0.2
56.25,-4,-0.2
46.75,-11.8,-0.2
46.75,-11.75,-0.2
46.75,-11.7,-0.2
46.75,-11.65,-0.2
46.75,-11.6,-0.2
46.75,-11.55,-0.2
46.75,-11.5,-0.2
46.75,-11.45,-0.2
46.75,-11.4,-0.2
46.75,-11.35,-0.2
46.75,-11.3,-0.2
46.75,-11.25,-0.2
46.75,-11.2,-0.2
46.75,-11.15,-0.2
46.75,-11.1,-0.2
46.75,-11.05,-0.2
46.75,-11,-0.2
46.8,-11.8,-0.2
46.8,-11.75,-0.2
46.8,-11.7,-0.2
46.8,-11.65,-0.2
46.8,-11.6,-0.2
46.8,-11.55,-0.2
46.8,-11.5,-0.2
46.8,-11.45,-0.2
46.8,-11.4,-0.2
46.8,-11.35,-0.2
46.8,-11.3,-0.2
46.8,-11.25,-0.2
46.8,-11.2,-0.2
46.8,-11.15,-0.2
46.8,-11.1,-0.2
46.8,-11.05,-0.2
46.8,-11,-0.2
46.85,-11.8,-0.2
46.85,-11.75,-0.2
46.85,-11.7,-0.2
46.85,-11.65,-0.2
46.85,-11.6,-0.2
46.85,-11.55,-0.2
46.85,-11.5,-0.2
46.85,-11.45,-0.2
46.85,-11.4,-0.2
46.85,-11.35,-0.2
46.85,-11.3,-0.2
46.85,-11.25,-0.2
46.85,-11.2,-0.2
46.85,-11.15,-0.2
46.85,-11.1,-0.2
46.85,-11.05,-0.2
46.85,-11,-0.2
46.9,-11.8,-0.2
46.9,-11.75,-0.2
46.9,-11.7,-0.2
46.9,-11.65,-0.2
46.9,-11.6,-0.2
46.9,-11.55,-0.2
46.9,-11.5,-0.2
46.9,-11.45,-0.2
46.9,-11.4,-0.2
46.9,-11.35,-0.2
46.9,-11.3,-0.2
46.9,-11.25,-0.2
46.9,-11.2,-0.2
46.9,-11.15,-0.2
46.9,-11.1,-0.2
46.9,-11.05,-0.2
46.9,-11,-0.2
46.95,-11.8,-0.2
46.95,-11.75,-0.2
46.95,-11.7,-0.2
46.95,-11.65,-0.2
46.95,-11.6,-0.2
46.95,-11.55,-0.2
46.95,-11.5,-0.2
46.95,-11.45,-0.2
46.95,-11.4,-0.2
46.95,-11.35,-0.2
46.95,-11.3,-0.2
46.95,-11.25,-0.2
46.95,-11.2,-0.2
46.95,-11.15,-0.2
46.95,-11.1,-0.2
46.95,-11.05,-0.2
46.95,-11,-0.2
47,-11.8,-0.2
47,-11.75,-0.2
47,-11.7,-0.2
47,-11.65,-0.2
47,-11.6,-0.2
47,-11.55,-0.2
47,-11.5,-0.2
47,-11.45,-0.2
47,-11.4,-0.2
47,-11.35,-0.2
47,-11.3,-0.2
47,-11.25,-0.2
47,-11.2,-0.2
47,-11.15,-0.2
47,-11.1,-0.2
47,-11.05,-0.2
47,-11,-0.2
47.05,-11.8,-0.2
47.05,-11.75,-0.2
47.05,-11.7,-0.2
47.05,-11.65,-0.2
47.05,-11.6,-0.2
47.05,-11.55,-0.2
47.05,-11.5,-0.2
47.05,-11.45,-0.2
47.05,-11.4,-0.2
47.05,-11.35,-0.2
47.05,-11.3,-0.2
47.05,-11.25,-0.2
47.05,-11.2,-0.2
47.05,-11.15,-0.2
47.05,-11.1,-0.2
47.05,-11.05,-0.2
47.05,-11,-0.2
47.1,-11.8,-0.2
47.1,-11.75,-0.2
47.1,-11.7,-0.2
47.1,-11.65,-0.2
47.1,-11.6,-0.2
47.1,-11.55,-0.2
47.1,-11.5,-0.2
47.1,-11.45,-0.2
47.1,-11.4,-0.2
47.1,-11.35,-0.2
47.1,-11.3,-0.2
47.1,-11.25,-0.2
47.1,-11.2,-0.2
47.1,-11.15,-0.2
47.1,-11.1,-0.2
47.1,-11.05,-0.2
47.1,-11,-0.2
47.15,-11.8,-0.2
47.15,-11.75,-0.2
47.15,-11.7,-0.2
47.15,-11.65,-0.2
47.15,-11.6,-0.2
47.15,-11.55,-0.2
47.15,-11.5,-0.2
47.15,-11.45,-0.2
47.15,-11.4,-0.2
47.15,-11.35,-0.2
47.15,-11.3,-0.2
47.15,-11.25,-0.2
47.15,-11.2,-0.2
47.15,-11.15,-0.2
47.15,-11.1,-0.2
47.15,-11.05,-0.2
47.15,-11,-0.2
47.2,-11.8,-0.2
47.2,-11.75,-0.2
47.2,-11.7,-0.2
47.2,-11.65,-0.2
47.2,-11.6,-0.2
47.2,-11.55,-0.2
47.2,-11.5,-0.2
47.2,-11.45,-0.2
47.2,-11.4,-0.2
47.2,-11.35,-0.2
47.2,-11.3,-0.2
47.2,-11.25,-0.2
47.2,-11.2,-0.2
47.2,-11.15,-0.2
47.2,-11.1,-0.2
47.2,-11.05,-0.2
47.2,-11,-0.2
47.25,-11.8,-0.2
47.25,-11.75,-0.2
47.25,-11.7,-0.2
47.25,-11.65,-0.2
47.25,-11.6,-0.2
47.25,-11.55,-0.2
47.25,-11.5,-0.2
47.25,-11.45,-0.2
47.25,-11.4,-0.2
47.25,-11.35,-0.2
47.25,-11.3,-0.2
47.25,-11.25,-0.2
47.25,-11.2,-0.2
47.25,-11.15,-0.2
47.25,-11.1,-0.2
47.25,-11.05,-0.2
47.25,-11,-0.2
47.3,-11.8,-0.2
47.3,-11.75,-0.2
47.3,-11.7,-0.2
47.3,-11.65,-0.2
47.3,-11.6,-0.2
47.3,-11.55,-0.2
47.3,-11.5,-0.2
47.3,-11.45,-0.2
47.3,-11.4,-0.2
47.3,-11.35,-0.2
47.3,-11.3,-0.2
47.3,-11.25,-0.2
47.3,-11.2,-0.2
47.3,-11.15,-0.2
47.3,-11.1,-0.2
47.3,-11.05,-0.2
47.3,-11,-0.2
47.35,-11.8,-0.2
47.35,-11.75,-0.2
47.35,-11.7,-0.2
47.35,-11.65,-0.2
47.35,-11.6,-0.2
47.35,-11.55,-0.2
47.35,-11.5,-0.2
47.35,-11.45,-0.2
47.35,-11.4,-0.2
47.35,-11.35,-0.2
47.35,-11.3,-0.2
47.35,-11.25,-0.2
47.35,-11.2,-0.2
47.35,-11.15,-0.2
47.35,-11.1,-0.2
47.35,-11.05,-0.2
47.35,-11,-0.2
47.4,-11.8,-0.2
47.4,-11.75,-0.2
47.4,-11.7,-0.2
47.4,-11.65,-0.2
47.4,-11.6,-0.2
47.4,-11.55,-0.2
47.4,-11.5,-0.2
47.4,-11.45,-0.2
47.4,-11.4,-0.2
47.4,-11.35,-0.2
47.4,-11.3,-0.2
47.4,-11.25,-0.2
47.4,-11.2,-0.2
47.4,-11.15,-0.2
47.4,-11.1,-0.2
47.4,-11.05,-0.2
47.4,-11,-0.2
47.45,-11.8,-0.2
47.45,-11.75,-0.2
47.45,-11.7,-0.2
47.45,-11.65,-0.2
47.45,-11.6,-0.2
47.45,-11.55,-0.2
47.45,-11.5,-0.2
47.45,-11.45,-0.2
47.45,-11.4,-0.2
47.45,-11.35,-0.2
47.45,-11.3,-0.2
47.45,-11.25,-0.2
47.45,-11.2,-0.2
47.45,-11.15,-0.2
47.45,-11.1,-0.2
47.45,-11.05,-0.2
47.45,-11,-0.2
47.5,-11.8,-0.2
47.5,-11.75,-0.2
47.5,-11.7,-0.2
47.5,-11.65,-0.2
47.5,-11.6,-0.2
47.5,-11.55,-0.2
47.5,-11.5,-0.2
47.5,-11.45,-0.2
47.5,-11.4,-0.2
47.5,-11.35,-0.2
47.5,-11.3,-0.2
47.5,-11.25,-0.2
47.5,-11.2,-0.2
47.5,-11.15,-0.2
47.5,-11.1,-0.2
47.5,-11.05,-0.2
47.5,-11,-0.2
47.55,-11.8,-0.2
47.55,-11.75,-0.2
47.55,-11.7,-0.2
47.55,-11.65,-0.2
47.55,-11.6,-0.2
47.55,-11.55,-0.2
47.55,-11.5,-0.2
47.55,-11.45,-0.2
47.55,-11.4,-0.2
47.55,-11.35,-0.2
47.55,-11.3,-0.2
47.55,-11.25,-0.2
47.55,-11.2,-0.2
47.55,-11.15,-0.2
47.55,-11.1,-0.2
47.55,-11.05,-0.2
47.55,-11,-0.2
47.6,-11.8,-0.2
47.6,-11.75,-0.2
47.6,-11.7,-0.2
47.6,-11.65,-0.2
47.6,-11.6,-0.2
47.6,-11.55,-0.2
47.6,-11.5,-0.2
47.6,-11.45,-0.2
47.6,-11.4,-0.2
47.6,-11.35,-0.2
47.6,-11.3,-0.2
47.6,-11.25,-0.2
47.6,-11.2,-0.2
47.6,-11.15,-0.2
47.6,-11.1,-0.2
47.6,-11.05,-0.2
47.6,-11,-0.2
47.65,-11.8,-0.2
47.65,-11.75,-0.2
47.65,-11.7,-0.2
47.65,-11.65,-0.2
47.65,-11.6,-0.2
47.65,-11.55,-0.2
47.65,-11.5,-0.2
47.65,-11.45,-0.2
47.65,-11.4,-0.2
47.65,-11.35,-0.2
47.65,-11.3,-0.2
47.65,-11.25,-0.2
47.65,-11.2,-0.2
47.65,-11.15,-0.2
47.65,-11.1,-0.2
47.65,-11.05,-0.2
47.65,-11,-0.2
47.7,-11.8,-0.2
47.7,-11.75,-0.2
47.7,-11.7,-0.2
47.7,-11.65,-0.2
47.7,-11.6,-0.2
47.7,-11.55,-0.2
47.7,-11.5,-0.2
47.7,-11.45,-0.2
47.7,-11.4,-0.2
47.7,-11.35,-0.2
47.7,-11.3,-0.2
47.7,-11.25,-0.2
47.7,-11.2,-0.2
47.7,-11.15,-0.2
47.7,-11.1,-0.2
47.7,-11.05,-0.2
47.7,-11,-0.2
47.75,-11.8,-0.2
47.75,-11.75,-0.2
47.75,-11.7,-0.2
47.75,-11.65,-0.2
47.75,-11.6,-0.2
47.75,-11.55,-0.2
47.75,-11.5,-0.2
47.75,-11.45,-0.2
47.75,-11.4,-0.2
47.75,-11.35,-0.2
47.75,-11.3,-0.2
47.75,-11.25,-0.2
47.75,-11.2,-0.2
47.75,-11.15,-0.2
47.75,-11.1,-0.2
47.75,-11.05,-0.2
47.75,-11,-0.2
47.8,-11.8,-0.2
47.8,-11.75,-0.2
47.8,-11.7,-0.2
47.8,-11.65,-0.2
47.8,-11.6,-0.2
47.8,-11.55,-0.2
47.8,-11.5,-0.2
47.8,-11.45,-0.2
47.8,-11.4,-0.2
47.8,-11.35,-0.2
47.8,-11.3,-0.2
47.8,-11.25,-0.2
47.8,-11.2,-0.2
47.8,-11.15,-0.2
47.8,-11.1,-0.2
47.8,-11.05,-0.2
47.8,-11,-0.2
47.85,-11.8,-0.2
47.85,-11.75,-0.2
47.85,-11.7,-0.2
47.85,-11.65,-0.2
47.85,-11.6,-0.2
47.85,-11.55,-0.2
47.85,-11.5,-0.2
47.85,-11.45,-0.2
47.85,-11.4,-0.2
47.85,-11.35,-0.2
47.85,-11.3,-0.2
47.85,-11.25,-0.2
47.85,-11.2,-0.2
47.85,-11.15,-0.2
47.85,-11.1,-0.2
47.85,-11.05,-0.2
47.85,-11,-0.2
47.9,-11.8,-0.2
47.9,-11.75,-0.2
47.9,-11.7,-0.2
47.9,-11.65,-0.2
47.9,-11.6,-0.2
47.9,-11.55,-0.2
47.9,-11.5,-0.2
47.9,-11.45,-0.2
47.9,-11.4,-0.2
47.9,-11.35,-0.2
47.9,-11.3,-0.2
47.9,-11.25,-0.2
47.9,-11.2,-0.2
47.9,-11.15,-0.2
47.9,-11.1,-0.2
47.9,-11.05,-0.2
47.9,-11,-0.2
47.95,-11.8,-0.2
47.95,-11.75,-0.2
47.95,-11.7,-0.2
47.95,-11.65,-0.2
47.95,-11.6,-0.2
47.95,-11.55,-0.2
47.95,-11.5,-0.2
47.95,-11.45,-0.2
47.95,-11.4,-0.2
47.95,-11.35,-0.2
47.95,-11.3,-0.2
47.95,-11.25,-0.2
47.95,-11.2,-0.2
47.95,-11.15,-0.2
47.95,-11.1,-0.2
47.95,-11.05,-0.2
47.95,-11,-0.2
48,-11.8,-0.2
48,-11.75,-0.2
48,-11.7,-0.2
48,-11.65,-0.2
48,-11.6,-0.2
48,-11.55,-0.2
48,-11.5,-0.2
48,-11.45,-0.2
48,-11.4,-0.2
48,-11.35,-0.2
48,-11.3,-0.2
48,-11.25,-0.2
48,-11.2,-0.2
48,-11.15,-0.2
48,-11.1,-0.2
48,-11.05,-0.2
48,-11,-0.2
46,-10,-0.2
46,-9.95,-0.2
46,-9.9,-0.2
46,-9.85,-0.2
46,-9.8,-0.2
46,-9.75,-0.2
46,-9.7,-0.2
46,-9.65,-0.2
46,-9.6,-0.2
46,-9.55,-0.2
46,-9.5,-0.2
46,-9.45,-0.2
46,-9.4,-0.2
46,-9.35,-0.2
46,-9.3,-0.2
46,-9.25,-0.2
46,-9.2,-0.2
46,-9.15,-0.2
46,-9.1,-0.2
46,-9.05,-0.2
46,-9,-0.2
46.05,-10,-0.2
46.05,-9.95,-0.2
46.05,-9.9,-0.2
46.05,-9.85,-0.2
46.05,-9.8,-0.2
46.05,-9.75,-0.2
46.05,-9.7,-0.2
46.05,-9.65,-0.2
46.05,-9.6,-0.2
46.05,-9.55,-0.2
46.05,-9.5,-0.2
46.05,-9.45,-0.2
46.05,-9.4,-0.2
46.05,-9.35,-0.2
46.05,-9.3,-0.2
46.05,-9.25,-0.2
46.05,-9.2,-0.2
46.05,-9.15,-0.2
46.05,-9.1,-0.2
46.05,-9.05,-0.2
46.05,-9,-0.2
46.1,-10,-0.2
46.1,-9.95,-0.2
46.1,-9.9,-0.2
46.1,-9.85,-0.2
46.1,-9.8,-0.2
46.1,-9.75,-0.2
46.1,-9.7,-0.2
46.1,-9.65,-0.2
46.1,-9.6,-0.2
46.1,-9.55,-0.2
46.1,-9.5,-0.2
46.1,-9.45,-0.2
46.1,-9.4,-0.2
46.1,-9.35,-0.2
46.1,-9.3,-0.2
46.1,-9.25,-0.2
46.1,-9.2,-0.2
46.1,-9.15,-0.2
46.1,-9.1,-0.2
46.1,-9.05,-0.2
46.1,-9,-0.2
46.15,-10,-0.2
46.15,-9.95,-0.2
46.15,-9.9,-0.2
46.15,-9.85,-0.2
46.15,-9.8,-0.2
46.15,-9.75,-0.2
46.15,-9.7,-0.2
46.15,-9.65,-0.2
46.15,-9.6,-0.2
46.15,-9.55,-0.2
46.15,-9.5,-0.2
46.15,-9.45,-0.2
46.15,-9.4,-0.2
46.15,-9.35,-0.2
46.15,-9.3,-0.2
46.15,-9.25,-0.2
46.15,-9.2,-0.2
46.15,-9.15,-0.2
46.15,-9.1,-0.2
46.15,-9.05,-0.2
46.15,-9,-0.2
46.2,-10,-0.2
46.2,-9.95,-0.2
46.2,-9.9,-0.2
46.2,-9.85,-0.2
46.2,-9.8,-0.2
46.2,-9.75,-0.2
46.2,-9.7,-0.2
46.2,-9.65,-0.2
46.2,-9.6,-0.2
46.2,-9.55,-0.2
46.2,-9.5,-0.2
46.2,-9.45,-0.2
46.2,-9.4,-0.2
46.2,-9.35,-0.2
46.2,-9.3,-0.2
46.2,-9.25,-0.2
46.2,-9.2,-0.2
46.2,-9.15,-0.2
46.2,-9.1,-0.2
46.2,-9.05,-0.2
46.2,-9,-0.2
46.25,-10,-0.2
46.25,-9.95,-0.2
46.25,-9.9,-0.2
46.25,-9.85,-0.2
46.25,-9.8,-0.2
46.25,-9.75,-0.2
46.25,-9.7,-0.2
46.25,-9.65,-0.2
46.25,-9.6,-0.2
46.25,-9.55,-0.2
46.25,-9.5,-0.2
46.25,-9.45,-0.2
46.25,-9.4,-0.2
46.25,-9.35,-0.2
46.25,-9.3,-0.2
46.25,-9.25,-0.2
46.25,-9.2,-0.2
46.25,-9.15,-0.2
46.25,-9.1,-0.2
46.25,-9.05,-0.2
46.25,-9,-0.2
46.3,-10,-0.2
46.3,-9.95,-0.2
46.3,-9.9,-0.2
46.3,-9.85,-0.2
46.3,-9.8,-0.2
46.3,-9.75,-0.2
46.3,-9.7,-0.2
46.3,-9.65,-0.2
46.3,-9.6,-0.2
46.3,-9.55,-0.2
46.3,-9.5,-0.2
46.3,-9.45,-0.2
46.3,-9.4,-0.2
46.3,-9.35,-0.2
46.3,-9.3,-0.2
46.3,-9.25,-0.2
46.3,-9.2,-0.2
46.3,-9.15,-0.2
46.3,-9.1,-0.2
46.3,-9.05,-0.2
46.3,-9,-0.2
46.35,-10,-0.2
46.35,-9.95,-0.2
46.35,-9.9,-0.2
46.35,-9.85,-0.2
46.35,-9.8,-0.2
46.35,-9.75,-0.2
46.35,-9.7,-0.2
46.35,-9.65,-0.2
46.35,-9.6,-0.2
46.35,-9.55,-0.2
46.35,-9.5,-0.2
46.35,-9.45,-0.2
46.35,-9.4,-0.2
46.35,-9.35,-0.2
46.35,-9.3,-0.2
46.35,-9.25,-0.2
46.35,-9.2,-0.2
46.35,-9.15,-0.2
46.35,-9.1,-0.2
46.35,-9.05,-0.2
46.35,-9,-0.2
46.4,-10,-0.2
46.4,-9.95,-0.2
46.4,-9.9,-0.2
46.4,-9.85,-0.2
46.4,-9.8,-0.2
46.4,-9.75,-0.2
46.4,-9.7,-0.2
46.4,-9.65,-0.2
46.4,-9.6,-0.2
46.4,-9.55,-0.2
46.4,-9.5,-0.2
46.4,-9.45,-0.2
46.4,-9.4,-0.2
46.4,-9.35,-0.2
46.4,-9.3,-0.2
46.4,-9.25,-0.2
46.4,-9.2,-0.2
46.4,-9.15,-0.2
46.4,-9.1,-0.2
46.4,-9.05,-0.2
46.4,-9,-0.2
46.45,-10,-0.2
46.45,-9.95,-0.2
46.45,-9.9,-0.2
46.45,-9.85,-0.2
46.45,-9.8,-0.2
46.45,-9.75,-0.2
46.45,-9.7,-0.2
46.45,-9.65,-0.2
46.45,-9.6,-0.2
46.45,-9.55,-0.2
46.45,-9.5,-0.2
46.45,-9.45,-0.2
46.45,-9.4,-0.2
46.45,-9.35,-0.2
46.45,-9.3,-0.2
46.45,-9.25,-0.2
46.45,-9.2,-0.2
46.45,-9.15,-0.2
46.45,-9.1,-0.2
46.45,-9.05,-0.2
46.45,-9,-0.2
46.5,-10,-0.2
46.5,-9.95,-0.2
46.5,-9.9,-0.2
46.5,-9.85,-0.2
46.5,-9.8,-0.2
46.5,-9.75,-0.2
46.5,-9.7,-0.2
46.5,-9.65,-0.2
46.5,-9.6,-0.2
46.5,-9.55,-0.2
46.5,-9.5,-0.2
46.5,-9.45,-0.2
46.5,-9.4,-0.2
46.5,-9.35,-0.2
46.5,-9.3,-0.2
46.5,-9.25,-0.2
46.5,-9.2,-0.2
46.5,-9.15,-0.2
46.5,-9.1,-0.2
46.5,-9.05,-0.2
46.5,-9,-0.2
46.55,-10,-0.2
46.55,-9.95,-0.2
46.55,-9.9,-0.2
46.55,-9.85,-0.2
46.55,-9.8,-0.2
46.55,-9.75,-0.2
46.55,-9.7,-0.2
46.55,-9.65,-0.2
46.55,-9.6,-0.2
46.55,-9.55,-0.2
46.55,-9.5,-0.2
46.55,-9.45,-0.2
46.55,-9.4,-0.2
46.55,-9.35,-0.2
46.55,-9.3,-0.2
46.55,-9.25,-0.2
46.55,-9.2,-0.2
46.55,-9.15,-0.2
46.55,-9.1,-0.2
46.55,-9.05,-0.2
46.55,-9,-0.2
46.6,-10,-0.2
46.6,-9.95,-0.2
46.6,-9.9,-0.2
46.6,-9.85,-0.2
46.6,-9.8,-0.2
46.6,-9.75,-0.2
46.6,-9.7,-0.2
46.6,-9.65,-0.2
46.6,-9.6,-0.2
46.6,-9.55,-0.2
46.6,-9.5,-0.2
46.6,-9.45,-0.2
46.6,-9.4,-0.2
46.6,-9.35,-0.2
46.6,-9.3,-0.2
46.6,-9.25,-0.2
46.6,-9.2,-0.2
46.6,-9.15,-0.2
46.6,-9.1,-0.2
46.6,-9.05,-0.2
46.6,-9,-0.2
46.65,-10,-0.2
46.65,-9.95,-0.2
46.65,-9.9,-0.2
46.65,-9.85,-0.2
46.65,-9.8,-0.2
46.65,-9.75,-0.2
46.65,-9.7,-0.2
46.65,-9.65,-0.2
46.65,-9.6,-0.2
46.65,-9.55,-0.2
46.65,-9.5,-0.2
46.65,-9.45,-0.2
46.65,-9.4,-0.2
46.65,-9.35,-0.2
46.65,-9.3,-0.2
46.65,-9.25,-0.2
46.65,-9.2,-0.2
46.65,-9.15,-0.2
46.65,-9.1,-0.2
46.65,-9.05,-0.2
46.65,-9,-0.2
46.7,-10,-0.2
46.7,-9.95,-0.2
46.7,-9.9,-0.2
46.7,-9.85,-0.2
46.7,-9.8,-0.2
46.7,-9.75,-0.2
46.7,-9.7,-0.2
46.7,-9.65,-0.2
46.7,-9.6,-0.2
46.7,-9.55,-0.2
46.7,-9.5,-0.2
46.7,-9.45,-0.2
46.7,-9.4,-0.2
46.7,-9.35,-0.2
46.7,-9.3,-0.2
46.7,-9.25,-0.2
46.7,-9.2,-0.2
46.7,-9.15,-0.2
46.7,-9.1,-0.2
46.7,-9.05,-0.2
46.7,-9,-0.2
46.75,-10,-0.2
46.75,-9.95,-0.2
46.75,-9.9,-0.2
46.75,-9.85,-0.2
46.75,-9.8,-0.2
46.75,-9.75,-0.2
46.75,-9.7,-0.2
46.75,-9.65,-0.2
46.75,-9.6,-0.2
46.75,-9.55,-0.2
46.75,-9.5,-0.2
46.75,-9.45,-0.2
46.75,-9.4,-0.2
46.75,-9.35,-0.2
46.75,-9.3,-0.2
46.75,-9.25,-0.2
46.75,-9.2,-0.2
46.75,-9.15,-0.2
46.75,-9.1,-0.2
46.75,-9.05,-0.2
46.75,-9,-0.2
46.8,-10,-0.2
46.8,-9.95,-0.2
46.8,-9.9,-0.2
46.8,-9.85,-0.2
46.8,-9.8,-0.2
46.8,-9.75,-0.2
46.8,-9.7,-0.2
46.8,-9.65,-0.2
46.8,-9.6,-0.2
46.8,-9.55,-0.2
46.8,-9.5,-0.2
46.8,-9.45,-0.2
46.8,-9.4,-0.2
46.8,-9.35,-0.2
46.8,-9.3,-0.2
46.8,-9.25,-0.2
46.8,-9.2,-0.2
46.8,-9.15,-0.2
46.8,-9.1,-0.2
46.8,-9.05,-0.2
46.8,-9,-0.2
46.85,-10,-0.2
46.85,-9.95,-0.2
46.85,-9.9,-0.2
46.85,-9.85,-0.2
46.85,-9.8,-0.2
46.85,-9.75,-0.2
46.85,-9.7,-0.2
46.85,-9.65,-0.2
46.85,-9.6,-0.2
46.85,-9.55,-0.2
46.85,-9.5,-0.2
46.85,-9.45,-0.2
46.85,-9.4,-0.2
46.85,-9.35,-0.2
46.85,-9.3,-0.2
46.85,-9.25,-0.2
46.85,-9.2,-0.2
46.85,-9.15,-0.2
46.85,-9.1,-0.2
46.85,-9.05,-0.2
46.85,-9,-0.2
46.9,-10,-0.2
46.9,-9.95,-0.2
46.9,-9.9,-0.2
46.9,-9.85,-0.2
46.9,-9.8,-0.2
46.9,-9.75,-0.2
46.9,-9.7,-0.2
46.9,-9.65,-0.2
46.9,-9.6,-0.2
46.9,-9.55,-0.2
46.9,-9.5,-0.2
46.9,-9.45,-0.2
46.9,-9.4,-0.2
46.9,-9.35,-0.2
46.9,-9.3,-0.2
46.9,-9.25,-0.2
46.9,-9.2,-0.2
46.9,-9.15,-0.2
46.9,-9.1,-0.2
46.9,-9.05,-0.2
46.9,-9,-0.2
46.95,-10,-0.2
46.95,-9.95,-0.2
46.95,-9.9,-0.2
46.95,-9.85,-0.2
46.95,-9.8,-0.2
46.95,-9.75,-0.2
46.95,-9.7,-0.2
46.95,-9.65,-0.2
46.95,-9.6,-0.2
46.95,-9.55,-0.2
46.95,-9.5,-0.2
46.95,-9.45,-0.2
46.95,-9.4,-0.2
46.95,-9.35,-0.2
46.95,-9.3,-0.2
46.95,-9.25,-0.2
46.95,-9.2,-0.2
46.95,-9.15,-0.2
46.95,-9.1,-0.2
46.95,-9.05,-0.2
46.95,-9,-0.2
47,-10,-0.2
47,-9.95,-0.2
47,-9.9,-0.2
47,-9.85,-0.2
47,-9.8,-0.2
47,-9.75,-0.2
47,-9.7,-0.2
47,-9.65,-0.2
47,-9.6,-0.2
47,-9.55,-0.2
47,-9.5,-0.2
47,-9.45,-0.2
47,-9.4,-0.2
47,-9.35,-0.2
47,-9.3,-0.2
47,-9.25,-0.2
47,-9.2,-0.2
47,-9.15,-0.2
47,-9.1,-0.2
47,-9.05,-0.2
47,-9,-0.2
47.05,-10,-0.2
47.05,-9.95,-0.2
47.05,-9.9,-0.2
47.05,-9.85,-0.2
47.05,-9.8,-0.2
47.05,-9.75,-0.2
47.05,-9.7,-0.2
47.05,-9.65,-0.2
47.05,-9.6,-0.2
47.05,-9.55,-0.2
47.05,-9.5,-0.2
47.05,-9.45,-0.2
47.05,-9.4,-0.2
47.05,-9.35,-0.2
47.05,-9.3,-0.2
47.05,-9.25,-0.2
47.05,-9.2,-0.2
47.05,-9.15,-0.2
47.05,-9.1,-0.2
47.05,-9.05,-0.2
47.05,-9,-0.2
47.1,-10,-0.2
47.1,-9.95,-0.2
47.1,-9.9,-0.2
47.1,-9.85,-0.2
47.1,-9.8,-0.2
47.1,-9.75,-0.2
47.1,-9.7,-0.2
47.1,-9.65,-0.2
47.1,-9.6,-0.2
47.1,-9.55,-0.2
47.1,-9.5,-0.2
47.1,-9.45,-0.2
47.1,-9.4,-0.2
47.1,-9.35,-0.2
47.1,-9.3,-0.2
47.1,-9.25,-0.2
47.1,-9.2,-0.2
47.1,-9.15,-0.2
47.1,-9.1,-0.2
47.1,-9.05,-0.2
47.1,-9,-0.2
47.15,-10,-0.2
47.15,-9.95,-0.2
47.15,-9.9,-0.2
47.15,-9.85,-0.2
47.15,-9.8,-0.2
47.15,-9.75,-0.2
47.15,-9.7,-0.2
47.15,-9.65,-0.2
47.15,-9.6,-0.2
47.15,-9.55,-0.2
47.15,-9.5,-0.2
47.15,-9.45,-0.2
47.15,-9.4,-0.2
47.15,-9.35,-0.2
47.15,-9.3,-0.2
47.15,-9.25,-0.2
47.15,-9.2,-0.2
47.15,-9.15,-0.2
47.15,-9.1,-0.2
47.15,-9.05,-0.2
47.15,-9,-0.2
47.2,-10,-0.2
47.2,-9.95,-0.2
47.2,-9.9,-0.2
47.2,-9.85,-0.2
47.2,-9.8,-0.2
47.2,-9.75,-0.2
47.2,-9.7,-0.2
47.2,-9.65,-0.2
47.2,-9.6,-0.2
47.2,-9.55,-0.2
47.2,-9.5,-0.2
47.2,-9.45,-0.2
47.2,-9.4,-0.2
47.2,-9.35,-0.2
47.2,-9.3,-0.2
47.2,-9.25,-0.2
47.2,-9.2,-0.2
47.2,-9.15,-0.2
47.2,-9.1,-0.2
47.2,-9.05,-0.2
47.2,-9,-0.2
47.25,-10,-0.2
47.25,-9.95,-0.2
47.25,-9.9,-0.2
47.25,-9.85,-0.2
47.25,-9.8,-0.2
47.25,-9.75,-0.2
47.25,-9.7,-0.2
47.25,-9.65,-0.2
47.25,-9.6,-0.2
47.25,-9.55,-0.2
47.25,-9.5,-0.2
47.25,-9.45,-0.2
47.25,-9.4,-0.2
47.25,-9.35,-0.2
47.25,-9.3,-0.2
47.25,-9.25,-0.2
47.25,-9.2,-0.2
47.25,-9.15,-0.2
47.25,-9.1,-0.2
47.25,-9.05,-0.2
47.25,-9,-0.2
47.3,-10,-0.2
47.3,-9.95,-0.2
47.3,-9.9,-0.2
47.3,-9.85,-0.2
47.3,-9.8,-0.2
47.3,-9.75,-0.2
47.3,-9.7,-0.2
47.3,-9.65,-0.2
47.3,-9.6,-0.2
47.3,-9.55,-0.2
47.3,-9.5,-0.2
47.3,-9.45,-0.2
47.3,-9.4,-0.2
47.3,-9.35,-0.2
47.3,-9.3,-0.2
47.3,-9.25,-0.2
47.3,-9.2,-0.2
47.3,-9.15,-0.2
47.3,-9.1,-0.2
47.3,-9.05,-0.2
47.3,-9,-0.2
47.35,-10,-0.2
47.35,-9.95,-0.2
47.35,-9.9,-0.2
47.35,-9.85,-0.2
47.35,-9.8,-0.2
47.35,-9.75,-0.2
47.35,-9.7,-0.2
47.35,-9.65,-0.2
47.35,-9.6,-0.2
47.35,-9.55,-0.2
47.35,-9.5,-0.2
47.35,-9.45,-0.2
47.35,-9.4,-0.2
47.35,-9.35,-0.2
47.35,-9.3,-0.2
47.35,-9.25,-0.2
47.35,-9.2,-0.2
47.35,-9.15,-0.2
47.35,-9.1,-0.2
47.35,-9.05,-0.2
47.35,-9,-0.2
47.4,-10,-0.2
47.4,-9.95,-0.2
47.4,-9.9,-0.2
47.4,-9.85,-0.2
47.4,-9.8,-0.2
47.4,-9.75,-0.2
47.4,-9.7,-0.2
47.4,-9.65,-0.2
47.4,-9.6,-0.2
47.4,-9.55,-0.2
47.4,-9.5,-0.2
47.4,-9.45,-0.2
47.4,-9.4,-0.2
47.4,-9.35,-0.2
47.4,-9.3,-0.2
47.4,-9.25,-0.2
47.4,-9.2,-0.2
47.4,-9.15,-0.2
47.4,-9.1,-0.2
47.4,-9.05,-0.2
47.4,-9,-0.2
47.45,-10,-0.2
47.45,-9.95,-0.2
47.45,-9.9,-0.2
47.45,-9.85,-0.2
47.45,-9.8,-0.2
47.45,-9.75,-0.2
47.45,-9.7,-0.2
47.45,-9.65,-0.2
47.45,-9.6,-0.2
47.45,-9.55,-0.2
47.45,-9.5,-0.2
47.45,-9.45,-0.2
47.45,-9.4,-0.2
47.45,-9.35,-0.2
47.45,-9.3,-0.2
47.45,-9.25,-0.2
47.45,-9.2,-0.2
47.45,-9.15,-0.2
47.45,-9.1,-0.2
47.45,-9.05,-0.2
47.45,-9,-0.2
47.5,-10,-0.2
47.5,-9.95,-0.2
47.5,-9.9,-0.2
47.5,-9.85,-0.2
47.5,-9.8,-0.2
47.5,-9.75,-0.2
47.5,-9.7,-0.2
47.5,-9.65,-0.2
47.5,-9.6,-0.2
47.5,-9.55,-0.2
47.5,-9.5,-0.2
47.5,-9.45,-0.2
47.5,-9.4,-0.2
47.5,-9.35,-0.2
47.5,-9.3,-0.2
47.5,-9.25,-0.2
47.5,-9.2,-0.2
47.5,-9.15,-0.2
47.5,-9.1,-0.2
47.5,-9.05,-0.2
47.5,-9,-0.2
47.55,-10,-0.2
47.55,-9.95,-0.2
47.55,-9.9,-0.2
47.55,-9.85,-0.2
47.55,-9.8,-0.2
47.55,-9.75,-0.2
47.55,-9.7,-0.2
47.55,-9.65,-0.2
47.55,-9.6,-0.2
47.55,-9.55,-0.2
47.55,-9.5,-0.2
47.55,-9.45,-0.2
47.55,-9.4,-0.2
47.55,-9.35,-0.2
47.55,-9.3,-0.2
47.55,-9.25,-0.2
47.55,-9.2,-0.2
47.55,-9.15,-0.2
47.55,-9.1,-0.2
47.55,-9.05,-0.2
47.55,-9,-0.2
47.6,-10,-0.2
47.6,-9.95,-0.2
47.6,-9.9,-0.2
47.6,-9.85,-0.2
47.6,-9.8,-0.2
47.6,-9.75,-0.2
47.6,-9.7,-0.2
47.6,-9.65,-0.2
47.6,-9.6,-0.2
47.6,-9.55,-0.2
47.6,-9.5,-0.2
47.6,-9.45,-0.2
47.6,-9.4,-0.2
47.6,-9.35,-0.2
47.6,-9.3,-0.2
47.6,-9.25,-0.2
47.6,-9.2,-0.2
47.6,-9.15,-0.2
47.6,-9.1,-0.2
47.6,-9.05,-0.2
47.6,-9,-0.2
47.65,-10,-0.2
47.65,-9.95,-0.2
47.65,-9.9,-0.2
47.65,-9.85,-0.2
47.65,-9.8,-0.2
47.65,-9.75,-0.2
47.65,-9.7,-0.2
47.65,-9.65,-0.2
47.65,-9.6,-0.2
47.65,-9.55,-0.2
47.65,-9.5,-0.2
47.65,-9.45,-0.2
47.65,-9.4,-0.2
47.65,-9.35,-0.2
47.65,-9.3,-0.2
47.65,-9.25,-0.2
47.65,-9.2,-0.2
47.65,-9.15,-0.2
47.65,-9.1,-0.2
47.65,-9.05,-0.2
47.65,-9,-0.2
47.7,-10,-0.2
47.7,-9.95,-0.2
47.7,-9.9,-0.2
47.7,-9.85,-0.2
47.7,-9.8,-0.2
47.7,-9.75,-0.2
47.7,-9.7,-0.2
47.7,-9.65,-0.2
47.7,-9.6,-0.2
47.7,-9.55,-0.2
47.7,-9.5,-0.2
47.7,-9.45,-0.2
47.7,-9.4,-0.2
47.7,-9.35,-0.2
47.7,-9.3,-0.2
47.7,-9.25,-0.2
47.7,-9.2,-0.2
47.7,-9.15,-0.2
47.7,-9.1,-0.2
47.7,-9.05,-0.2
47.7,-9,-0.2
47.75,-10,-0.2
47.75,-9.95,-0.2
47.75,-9.9,-0.2
47.75,-9.85,-0.2
47.75,-9.8,-0.2
47.75,-9.75,-0.2
47.75,-9.7,-0.2
47.75,-9.65,-0.2
47.75,-9.6,-0.2
47.75,-9.55,-0.2
47.75,-9.5,-0.2
47.75,-9.45,-0.2
47.75,-9.4,-0.2
47.75,-9.35,-0.2
47.75,-9.3,-0.2
47.75,-9.25,-0.2
47.75,-9.2,-0.2
47.75,-9.15,-0.2
47.75,-9.1,-0.2
47.75,-9.05,-0.2
47.75,-9,-0.2
47.8,-10,-0.2
47.8,-9.95,-0.2
47.8,-9.9,-0.2
47.8,-9.85,-0.2
47.8,-9.8,-0.2
47.8,-9.75,-0.2
47.8,-9.7,-0.2
47.8,-9.65,-0.2
47.8,-9.6,-0.2
47.8,-9.55,-0.2
47.8,-9.5,-0.2
47.8,-9.45,-0.2
47.8,-9.4,-0.2
47.8,-9.35,-0.2
47.8,-9.3,-0.2
47.8,-9.25,-0.2
47.8,-9.2,-0.2
47.8,-9.15,-0.2
47.8,-9.1,-0.2
47.8,-9.05,-0.2
47.8,-9,-0.2
47.85,-10,-0.2
47.85,-9.95,-0.2
47.85,-9.9,-0.2
47.85,-9.85,-0.2
47.85,-9.8,-0.2
47.85,-9.75,-0.2
47.85,-9.7,-0.2
47.85,-9.65,-0.2
47.85,-9.6,-0.2
47.85,-9.55,-0.2
47.85,-9.5,-0.2
47.85,-9.45,-0.2
47.85,-9.4,-0.2
47.85,-9.35,-0.2
47.85,-9.3,-0.2
47.85,-9.25,-0.2
47.85,-9.2,-0.2
47.85,-9.15,-0.2
47.85,-9.1,-0.2
47.85,-9.05,-0.2
47.85,-9,-0.2
47.9,-10,-0.2
47.9,-9.95,-0.2
47.9,-9.9,-0.2
47.9,-9.85,-0.2
47.9,-9.8,-0.2
47.9,-9.75,-0.2
47.9,-9.7,-0.2
47.9,-9.65,-0.2
47.9,-9.6,-0.2
47.9,-9.55,-0.2
47.9,-9.5,-0.2
47.9,-9.45,-0.2
47.9,-9.4,-0.2
47.9,-9.35,-0.2
47.9,-9.3,-0.2
47.9,-9.25,-0.2
47.9,-9.2,-0.2
47.9,-9.15,-0.2
47.9,-9.1,-0.2
47.9,-9.05,-0.2
47.9,-9,-0.2
47.95,-10,-0.2
47.95,-9.95,-0.2
47.95,-9.9,-0.2
47.95,-9.85,-0.2
47.95,-9.8,-0.2
47.95,-9.75,-0.2
47.95,-9.7,-0.2
47.95,-9.65,-0.2
47.95,-9.6,-0.2
47.95,-9.55,-0.2
47.95,-9.5,-0.2
47.95,-9.45,-0.2
47.95,-9.4,-0.2
47.95,-9.35,-0.2
47.95,-9.3,-0.2
47.95,-9.25,-0.2
47.95,-9.2,-0.2
47.95,-9.15,-0.2
47.95,-9.1,-0.2
47.95,-9.05,-0.2
47.95,-9,-0.2
48,-10,-0.2
48,-9.95,-0.2
48,-9.9,-0.2
48,-9.85,-0.2
48,-9.8,-0.2
48,-9.75,-0.2
48,-9.7,-0.2
48,-9.65,-0.2
48,-9.6,-0.2
48,-9.55,-0.2
48,-9.5,-0.2
48,-9.45,-0.2
48,-9.4,-0.2
48,-9.35,-0.2
48,-9.3,-0.2
48,-9.25,-0.2
48,-9.2,-0.2
48,-9.15,-0.2
48,-9.1,-0.2
48,-9.05,-0.2
48,-9,-0.2
